station_id,station_name,location,elevation,region,country
1,Station A,0101000020E6100000C74CA25EF0B6464021C610A562BC2840,53.0,Region A,USA
2,Station B,0101000020E610000053324AE18B7027C049EDEAFAAAA14540,70.0,Region A,USA
3,Station C,0101000020E6100000FF29B05B5FD32D400FD6FF394CDD5240,28.0,Region A,USA
4,Station D,0101000020E6100000294014CC987E4840C3B7B06EBC1B0440,53.0,Region A,USA
5,Station E,0101000020E610000012DC48D922EB4740BDA02A4B196F3C40,26.0,Region A,USA
6,Station F,0101000020E61000005C8FC2F528BC404085EB51B81E0551C0,31.0,Region B,USA
7,Station G,0101000020E610000001344A97FE553B40C76647AAEF9F5040,35.0,Region B,USA
8,Station H,0101000020E61000005541560108D12A40AA98EF856E372FC0,70.0,Region B,USA
9,Station I,0101000020E6100000D12B54ED89341FC006312B6F22165140,59.0,Region B,USA
10,Station J,0101000020E61000009E12C60556304D40CC947B26A0BA3A40,27.0,Region B,USA
11,Station K,0101000020E61000008CE77D2DF955294004F6E2D583014C40,68.0,Region C,USA
12,Station L,0101000020E6100000ADE4BE30F4133AC00ADCBA9BA7864AC0,36.0,Region C,USA
13,Station M,0101000020E610000043D59E48E675404013D2BFC9DBE62440,52.0,Region C,USA
14,Station N,0101000020E6100000D717096D39872C4087A5811FD5CA4740,37.0,Region C,USA
15,Station O,0101000020E610000029FBF89518CD20C01FEFFA71A08D5040,52.0,Region C,USA
16,Station P,0101000020E6100000AC71361D01F03840527E52EDD3625040,57.0,Region D,USA
17,Station Q,0101000020E610000029B7483547A521C06F3AB82A3F5D53C0,52.0,Region D,USA
18,Station R,0101000020E610000014CFD902425E4440F734CC75BF471FC0,64.0,Region D,USA
19,Station S,0101000020E6100000BCE82B48330E3A4054C4E9245B614E40,26.0,Region D,USA
20,Station T,0101000020E61000001AF043EF9EC527401CD31396788355C0,28.0,Region D,USA
